participant_id	age	sex	hand	weight	height	group	species	bci_experience
sub-1	2020	n/a	n/a	n/a	n/a	25 able-bodied, 2 spinal cord injury (SCI)	homo sapiens	n/a
sub-10	2021	n/a	n/a	n/a	n/a	25 able-bodied, 2 spinal cord injury (SCI)	homo sapiens	n/a
sub-11	2020	n/a	n/a	n/a	n/a	25 able-bodied, 2 spinal cord injury (SCI)	homo sapiens	n/a
sub-12	2020	n/a	n/a	n/a	n/a	25 able-bodied, 2 spinal cord injury (SCI)	homo sapiens	n/a
sub-13	2020	n/a	n/a	n/a	n/a	25 able-bodied, 2 spinal cord injury (SCI)	homo sapiens	n/a
sub-14	2020	n/a	n/a	n/a	n/a	25 able-bodied, 2 spinal cord injury (SCI)	homo sapiens	n/a
sub-15	2020	n/a	n/a	n/a	n/a	25 able-bodied, 2 spinal cord injury (SCI)	homo sapiens	n/a
sub-16	2020	n/a	n/a	n/a	n/a	25 able-bodied, 2 spinal cord injury (SCI)	homo sapiens	n/a
sub-17	2020	n/a	n/a	n/a	n/a	25 able-bodied, 2 spinal cord injury (SCI)	homo sapiens	n/a
sub-18	2020	n/a	n/a	n/a	n/a	25 able-bodied, 2 spinal cord injury (SCI)	homo sapiens	n/a
sub-19	2020	n/a	n/a	n/a	n/a	25 able-bodied, 2 spinal cord injury (SCI)	homo sapiens	n/a
sub-2	2020	n/a	n/a	n/a	n/a	25 able-bodied, 2 spinal cord injury (SCI)	homo sapiens	n/a
sub-20	2020	n/a	n/a	n/a	n/a	25 able-bodied, 2 spinal cord injury (SCI)	homo sapiens	n/a
sub-21	2022	n/a	n/a	n/a	n/a	25 able-bodied, 2 spinal cord injury (SCI)	homo sapiens	n/a
sub-22	2022	n/a	n/a	n/a	n/a	25 able-bodied, 2 spinal cord injury (SCI)	homo sapiens	n/a
sub-23	2022	n/a	n/a	n/a	n/a	25 able-bodied, 2 spinal cord injury (SCI)	homo sapiens	n/a
sub-24	2022	n/a	n/a	n/a	n/a	25 able-bodied, 2 spinal cord injury (SCI)	homo sapiens	n/a
sub-25	2022	n/a	n/a	n/a	n/a	25 able-bodied, 2 spinal cord injury (SCI)	homo sapiens	n/a
sub-26	2021	n/a	n/a	n/a	n/a	25 able-bodied, 2 spinal cord injury (SCI)	homo sapiens	n/a
sub-27	2022	n/a	n/a	n/a	n/a	25 able-bodied, 2 spinal cord injury (SCI)	homo sapiens	n/a
sub-3	2020	n/a	n/a	n/a	n/a	25 able-bodied, 2 spinal cord injury (SCI)	homo sapiens	n/a
sub-4	2020	n/a	n/a	n/a	n/a	25 able-bodied, 2 spinal cord injury (SCI)	homo sapiens	n/a
sub-5	2020	n/a	n/a	n/a	n/a	25 able-bodied, 2 spinal cord injury (SCI)	homo sapiens	n/a
sub-6	2020	n/a	n/a	n/a	n/a	25 able-bodied, 2 spinal cord injury (SCI)	homo sapiens	n/a
sub-7	2020	n/a	n/a	n/a	n/a	25 able-bodied, 2 spinal cord injury (SCI)	homo sapiens	n/a
sub-8	2020	n/a	n/a	n/a	n/a	25 able-bodied, 2 spinal cord injury (SCI)	homo sapiens	n/a
sub-9	2020	n/a	n/a	n/a	n/a	25 able-bodied, 2 spinal cord injury (SCI)	homo sapiens	n/a
