onset	duration	trial_type	value	sample
10.525390625	4.0	left_hand	1	5389
23.130859375	4.0	right_hand	2	11843
36.17578125	4.0	left_hand	1	18522
49.109375	4.0	right_hand	2	25144
61.875	4.0	right_hand	2	31680
74.630859375	4.0	left_hand	1	38211
87.181640625	4.0	right_hand	2	44637
100.603515625	4.0	right_hand	2	51509
113.171875	4.0	right_hand	2	57944
125.89453125	4.0	left_hand	1	64458
138.5390625	4.0	right_hand	2	70932
151.546875	4.0	right_hand	2	77592
164.14453125	4.0	left_hand	1	84042
176.994140625	4.0	left_hand	1	90621
190.310546875	4.0	left_hand	1	97439
203.732421875	4.0	left_hand	1	104311
216.638671875	4.0	right_hand	2	110919
229.35546875	4.0	right_hand	2	117430
242.341796875	4.0	left_hand	1	124079
254.912109375	4.0	left_hand	1	130515
